I;SERVIÇOS PRELIMINARES;
I.1;INSTALAÇÃO DO CANTEIRO DE OBRAS;
I.1.1;ALUGUEL DE CASA PARA ESCRITÓRIO DA CONTRATADA E FISCALIZAÇÃO;MÊS
I.1.2;CONSTRUÇÃO DE GALPÃO ABERTO PARA GUARDA DE MATERIAIS;M2
I.1.3;INSTALAÇÕES PROVISÓRIAS DE LUZ , FORÇA,TELEFONE E LÓGICA;UN
I.1.4;GUARITA;M2
I.1.5;CERCA C/ 6 FIOS DE ARAME FARPADO C/ ESTACA DE MADEIRA;M
I.1.6;PORTÃO DE ACESSO;M2
II;ADMINISTRAÇÃO E ENCARGOS;
II.01.01;Administração local - Pessoal;mês
II.01.02;Administração local - Despesas Gerais mensais;mês
II.01.03;Administração local - Despesas Gerais fixas;und
II.01.04;Administração local - Veículos e Equipamentos;mês
II.01.05;Administração local - Moveis e Utensílios;und
II.02.01;Vale transporte;mês
II.02.02;Refeição (café da manhã);mês
II.02.03;Cesta básica;mês
II.02.04;EPI - Equipamento de proteção individual;mês
II.02.05;Ferramentas manuais;mês
II.02.06;Uniforme de trabalho;mês
II.02.07;Exames médicos obrigatórios;mês
III;REDE COLETORA DE ESGOTO SANITÁRIO - BACIA A;
III.I.;OBRAS CIVIS;
III.1.1.;PLACA INDICATIVA DA OBRA;M2
III.1.3.;LIMPEZA DE TERRENO - RASPAGEM MECANIZADA (MOTONIVELADORA) DE CAMADA VEGETAL ( Faixa de 1,5m);M2
;;
III.1.4.;SERVIÇOS TOPOGRÁFICOS:;
III.1.4.1;LOCAÇÃO DE REDES DE ÁGUA OU DE ESGOTO, INCLUSIVE TOPOGRAFO;M
;;
III.1.5.;SINALIZAÇÃO ABERTA:;
III.1.5.1;COM ILUMINAÇÃO;M
III.1.5.2;SEM ILUMINAÇÃO;M
;;
III.1.6.;TAPUMES E PASSADIÇOS:;
III.1.6.1;PASSADICOS DE MADEIRA PARA PEDESTRES;M2
III.1.6.2;METÁLICO;M2
III.1.7.;CADASTRO DE ADUTORAS. COLETORES E INTERCEPTORES - ATÉ DN 500 MM, INCLUSIVE TOPOGRAFO E DESENHISTA;M
;;
III.2.;MOVIMENTO DE TERRA;
III.2.1;ESCAVAÇÃO MANUAL, EM TERRA ATÉ 2,00M;M3
III.2.2;ESCAVAÇÃO MANUAL, EM TERRA DE 2,01 ATÉ 4,00M;M3
III.2.3;ESCAVAÇÃO MANUAL EM PIÇARRO ATÉ 2,0 M;M3
III.2.4;ESCAVAÇÃO MANUAL EM PIÇARRO DE 2,01 ATÉ 4,00M;M3
III.2.5;ESCAVAÇÃO MANUAL DE VALA A FRIO EM MATERIAL DE 2A CATEGORIA (MOLEDO OU ROCHA DECOMPOSTA) ATÉ 2,00M, COM UTILIZAÇÃO DE COMPRESSOR;M3
III.2.6;ESCAVAÇÃO MANUAL DE VALA A FRIO EM MATERIAL DE 2A CATEGORIA (MOLEDO OU ROCHA DECOMPOSTA) DE 2,00 A 4,00M EXCLUINDO ESGOTAMENTO E ESCORAMENTO, COM UTILIZAÇÃO DE COMPRESSOR;M3
III.2.7;ESCAVAÇÃO EM VALA DE MATERIAL DE 3A CATEGORIA;M3
III.2.8;LANÇAMENTO E RETIRADA DE ABAFAMENTO PARA DESMONTE DE ROCHA DURA EM VALA, COM TERRA ARGILOSA;M3
III.2.9;ESCAVAÇÃO MECÂNICA, EM TERRA ATÉ 2,00M;M3
III.2.10;ESCAVAÇÃO MECÂNICA, EM TERRA DE 2,01 A 4,0M;M3
III.2.11;ESCAVAÇÃO MECÂNICA EM PIÇARRO ATÉ 2,00M;M3
III.2.12;ESCAVAÇÃO MECÂNICA EM PIÇARRO DE 2,01 A 4,00M;M3
III.2.13;ESCAVAÇÃO MECÂNICA DE VALA EM MATERIAL DE 2A CATEGORIA ATÉ 2M DE PROFUNDIDADE COM UTILIZAÇÃO DE ESCAVADEIRA HIDRÁULICA;M3
III.2.14;ESCAVAÇÃO MECÂNICA DE VALA EM MATERIAL DE 2A CATEGORIA ATÉ 2,00 A 4,00M DE PROFUNDIDADE COM UTILIZAÇÃO DE ESCAVADEIRA HIDRÁULICA;M3
III.2.15;REATERRO E COMPACTACAO MECANICO DE VALA COM COMPACTADOR MANUAL TIPO SOQUETE VIBRATORIO;M3
III.2.16;REATERRO DE VALA COM MATERIAL GRANULAR DE EMPRESTIMO ADENSADO E VIBRADO;m3
III.2.17;COLCHAO DE AREIA, INCLUSIVE MAO-DE-OBRA DE ESPALHAMENTO, TRANSPORTE COM CARRO DE MAO E FORNECIMENTO COMERCIAL;M3
III.2.18;TRANSPORTE DE MATERIAL - BOTA-FORA, D.M.T.= 6,0 KM;M3
;;
III.3.;ESGOTAMENTO E REBAIXAMENTO;
III.3.1;ESGOTAMENTO COM MOTO-BOMBA AUTOESCOVANTE;H
III.3.2;LIMPEZA E TESTE DE ESTANQUEIDADE;M
III.3.3;REBAIXAMENTO DO LENCOL FREATICO C/ PONTEIRA FILTRANTE ATÉ 2,00M, INCLUSIVE ENERGIA ELÉTRICA;M
III.3.4;REBAIXAMENTO DO LENCOL FREATICO C/ PONTEIRA FILTRANTE DE 2,01 A 4,00M, INCLUSIVE ENERGIA ELÉTRICA;M
;;
III.4.;ESCORAMENTO DE CAVAS;
III.4.1;ESCORAMENTO PARA IMPLANTAÇÃO DE VALAS (CONTÍNUO), MATERIAL UTILIZADO MADEIRA;M2
III.4.2;ESCORAMENTO PARA IMPLANTAÇÃO DE VALAS (DESCONTÍNUO), MATERIAL UTILIZADO MADEIRA;M2
;;
III.5.;PAVIMENTAÇÃO;
III.5.1;RETIRADA E REPOSIÇAO DE PARALELEPIPEDO;m2
;;
III.6.;ASSENTAMENTO DE TUBOS PVC COM CONEXÕES E PEÇAS ESPECIAIS;
III.6.1;ASSENTAMENTO TUBO PVC COM JUNTA ELASTICA - DN 150 P/ESGOTO, INCLUINDO TRANSPORTE;M
III.6.2;ASSENTAMENTO DE TUBOS DE PVC, RPVC, PVC DE FºFº, PRFV P/ ESGOTO COM JUNTA ELÁSTICA - DN 250 MM, INCLUINDO TRANSPORTE;M
;;
III.7.;OUTROS;
III.7.1;CONCRETO MAGRO;M3
;;
III.8.;FORNECIMENTO E ASSENTAMENTO POÇOS DE VISITAS EM ANÉIS PRÉ-MOLDADOS COM DN=1,20 m;
III.8.1;POCO DE VISITA PARA REDE DE ESG. SANIT., EM ANEIS DE CONCRETO, DIÂMETRO = 60CM E 110CM, PROF = 150CM, INCLUINDO DEGRAU, EXCLUINDO TAMPAO FERRO FUNDIDO.;un
III.8.2;POCO DE VISITA PARA REDE DE ESG. SANIT., EM ANEIS DE CONCRETO, DIÂMETRO = 60CM E 110CM, PROF = 200CM, INCLUINDO DEGRAU, EXCLUINDO TAMPAO FERRO FUNDIDO.;un
III.8.3;POCO DE VISITA PARA REDE DE ESG. SANIT., EM ANEIS DE CONCRETO, DIÂMETRO = 60CM E 110CM, PROF = 250CM, INCLUINDO DEGRAU, EXCLUINDO TAMPAO FERRO FUNDIDO.;un
III.8.4;POCO DE VISITA PARA REDE DE ESG. SANIT., EM ANEIS DE CONCRETO, DIÂMETRO = 60CM E 110CM, PROF = 310CM, INCLUINDO DEGRAU, EXCLUINDO TAMPAO FERRO FUNDIDO.;un
;;
III.II.;MATERIAL HIDRÁULICO;
III.1.;TUBO DE PVC PARA ESGOTO;
III.1.1;TUBO COLETOR DE ESGOTO, PVC, JEI, DN 150 MM (NBR 7362);m
III.1.2;TUBO PVC JE (NBR 7362) DN 250 P/ESGOTO;m
;;
III.2.;TAMPÃO ARTICULADO TD 600 COM INSCRIÇÃO;
III.2.1;TAMPAO FOFO SIMPLES COM BASE, CLASSE D400 CARGA MAX 40 T, REDONDO TAMPA 600 MM, REDE PLUVIAL/ESGOTO;un
;;
;;
IV.I.;OBRAS CIVIS;
IV.1.;SERVIÇOS INICIAIS;
IV.1.1.;PLACA INDICATIVA DA OBRA;M2
IV.1.2.;INTERFERÊNCIAS (DEMOLIÇÃO E RECOMPOSIÇÃO DE GALERIAS, BUEIROS, TUBULAÇÕES);UD
IV.1.3.;LIMPEZA DE TERRENO - RASPAGEM MECANIZADA (MOTONIVELADORA) DE CAMADA VEGETAL ( Faixa de 1,5m);M2
;;
IV.1.4.;SERVIÇOS TOPOGRÁFICOS:;
IV.1.4.1;LOCAÇÃO DE REDES DE ÁGUA OU DE ESGOTO, INCLUSIVE TOPOGRAFO;M
;;
IV.1.5.;SINALIZAÇÃO ABERTA:;
IV.1.5.1;COM ILUMINAÇÃO;M
IV.1.5.2;SEM ILUMINAÇÃO;M
;;
IV.1.6.;TAPUMES E PASSADIÇOS:;
IV.1.6.1;PASSADICOS DE MADEIRA PARA PEDESTRES;M2
IV.1.6.2;METÁLICO;M2
IV.1.7.;CADASTRO DE ADUTORAS. COLETORES E INTERCEPTORES - ATÉ DN 500 MM, INCLUSIVE TOPOGRAFO E DESENHISTA;M
;;
IV.2.;MOVIMENTO DE TERRA;
IV.2.1;ESCAVAÇÃO MANUAL, EM TERRA ATÉ 2,00M;M3
IV.2.2;ESCAVAÇÃO MANUAL, EM TERRA DE 2,01 ATÉ 4,00M;M3
IV.2.3;ESCAVAÇÃO MANUAL EM PIÇARRO ATÉ 2,0 M;M3
IV.2.4;ESCAVAÇÃO MANUAL EM PIÇARRO DE 2,01 ATÉ 4,00M;M3
IV.2.5;ESCAVAÇÃO MANUAL DE VALA A FRIO EM MATERIAL DE 2A CATEGORIA (MOLEDO OU ROCHA DECOMPOSTA) ATÉ 2,00M, COM UTILIZAÇÃO DE COMPRESSOR;M3
IV.2.6;ESCAVAÇÃO MANUAL DE VALA A FRIO EM MATERIAL DE 2A CATEGORIA (MOLEDO OU ROCHA DECOMPOSTA) DE 2,00 A 4,00M EXCLUINDO ESGOTAMENTO E ESCORAMENTO, COM UTILIZAÇÃO DE COMPRESSOR;M3
IV.2.7;ESCAVAÇÃO EM VALA DE MATERIAL DE 3A CATEGORIA;M3
IV.2.8;LANÇAMENTO E RETIRADA DE ABAFAMENTO PARA DESMONTE DE ROCHA DURA EM VALA, COM TERRA ARGILOSA;M3
IV.2.9;ESCAVAÇÃO MECÂNICA, EM TERRA ATÉ 2,00M;M3
IV.2.10;ESCAVAÇÃO MECÂNICA, EM TERRA DE 2,01 A 4,0M;M3
IV.2.11;ESCAVAÇÃO MECÂNICA EM PIÇARRO ATÉ 2,00M;M3
IV.2.12;ESCAVAÇÃO MECÂNICA EM PIÇARRO DE 2,01 A 4,00M;M3
IV.2.13;ESCAVAÇÃO MECÂNICA DE VALA EM MATERIAL DE 2A CATEGORIA ATÉ 2M DE PROFUNDIDADE COM UTILIZAÇÃO DE ESCAVADEIRA HIDRÁULICA;M3
IV.2.14;ESCAVAÇÃO MECÂNICA DE VALA EM MATERIAL DE 2A CATEGORIA ATÉ 2,00 A 4,00M DE PROFUNDIDADE COM UTILIZAÇÃO DE ESCAVADEIRA HIDRÁULICA;M3
IV.2.15;REATERRO E COMPACTACAO MECANICO DE VALA COM COMPACTADOR MANUAL TIPO SOQUETE VIBRATORIO;M3
IV.2.16;REATERRO DE VALA COM MATERIAL GRANULAR DE EMPRESTIMO ADENSADO E VIBRADO;m3
IV.2.17;COLCHAO DE AREIA, INCLUSIVE MAO-DE-OBRA DE ESPALHAMENTO, TRANSPORTE COM CARRO DE MAO E FORNECIMENTO COMERCIAL;M3
IV.2.18;TRANSPORTE DE MATERIAL - BOTA-FORA, D.M.T.= 6,0 KM;M3
;;
IV.3.;ESGOTAMENTO E REBAIXAMENTO;
IV.3.1;ESGOTAMENTO COM MOTO-BOMBA AUTOESCOVANTE;H
IV.3.2;LIMPEZA E TESTE DE ESTANQUEIDADE;M
IV.3.3;REBAIXAMENTO DO LENCOL FREATICO C/ PONTEIRA FILTRANTE ATÉ 2,00M, INCLUSIVE ENERGIA ELÉTRICA;M
IV.3.4;REBAIXAMENTO DO LENCOL FREATICO C/ PONTEIRA FILTRANTE DE 2,01 A 4,00M, INCLUSIVE ENERGIA ELÉTRICA;M
;;
IV.4.;ESCORAMENTO DE CAVAS;
IV.4.1;ESCORAMENTO PARA IMPLANTAÇÃO DE VALAS (CONTÍNUO), MATERIAL UTILIZADO MADEIRA;M2
IV.4.2;ESCORAMENTO PARA IMPLANTAÇÃO DE VALAS (DESCONTÍNUO), MATERIAL UTILIZADO MADEIRA;M2
;;
IV.5.;PAVIMENTAÇÃO;
IV.5.1;RETIRADA E REPOSIÇAO DE PARALELEPIPEDO;m2
;;
IV.6.;ASSENTAMENTO DE TUBOS PVC COM CONEXÕES E PEÇAS ESPECIAIS;
IV.6.1;ASSENTAMENTO TUBO PVC COM JUNTA ELASTICA - DN 150 P/ESGOTO, INCLUINDO TRANSPORTE;M
;;
IV.7.;OUTROS;
IV.7.1;CONCRETO MAGRO;M3
;;
IV.8.;POÇOS DE VISITAS EM ANÉIS PRÉ-MOLDADOS COM DN=1,20 m;
IV.8.1;POCO DE VISITA PARA REDE DE ESG. SANIT., EM ANEIS DE CONCRETO, DIÂMETRO = 60CM E 110CM, PROF = 150CM, INCLUINDO DEGRAU, EXCLUINDO TAMPAO FERRO FUNDIDO.;un
IV.8.2;POCO DE VISITA PARA REDE DE ESG. SANIT., EM ANEIS DE CONCRETO, DIÂMETRO = 60CM E 110CM, PROF = 200CM, INCLUINDO DEGRAU, EXCLUINDO TAMPAO FERRO FUNDIDO.;un
IV.8.3;POCO DE VISITA PARA REDE DE ESG. SANIT., EM ANEIS DE CONCRETO, DIÂMETRO = 60CM E 110CM, PROF = 410CM, INCLUINDO DEGRAU, EXCLUINDO TAMPAO FERRO FUNDIDO.;un
;;
IV.II.;MATERIAL HIDRÁULICO;
IV.1.;TUBO DE PVC PARA ESGOTO;
IV.1.1;TUBO COLETOR DE ESGOTO, PVC, JEI, DN 150 MM (NBR 7362);m
;;
IV.2.;TAMPÃO ARTICULADO TD 600 COM INSCRIÇÃO;
IV.2.1;TAMPAO FOFO SIMPLES COM BASE, CLASSE D400 CARGA MAX 40 T, REDONDO TAMPA 600 MM, REDE PLUVIAL/ESGOTO;un
;;
;;
V.I.;OBRAS CIVIS;
V.1.;ESCAVACAO MANUAL EM TERRA ATE 2,00 M;M3
V.2.;ESCAVACAO MANUAL EM PICARRO ATE 2,00 M;M3
V.3.;ESCAVAÇÃO MANUAL DE VALA A FRIO EM MATERIAL DE 2A CATEGORIA (MOLEDO OU ROCHA DECOMPOSTA) ATÉ 2,00M;M3
V.4.;REATERRO E COMPACTACAO MECANICO DE VALA COM COMPACTADOR MANUAL TIPO SOQUETE VIBRATORIO;M3
V.5.;REATERRO DE VALA COM MATERIAL GRANULAR DE EMPRESTIMO ADENSADO E VIBRADO;M3
V.6.;TRANSPORTE DE MATERIAL - BOTA-FORA, D.M.T.= 6,0 KM;M3
V.7.;ASSENTAMENTO TUBO PVC COM JUNTA ELASTICA - DN 100 P/ESGOTO, INCLUINDO TRANSPORTE;M
V.8.;COLCHAO DE AREIA, INCLUSIVE MAO-DE-OBRA DE ESPALHAMENTO, TRANSPORTE COM CARRO DE MAO E FORNECIMENTO COMERCIAL;M3
V.9.;FORNECIMENTO E ASSENTAMENTO DE CAIXA COLETORA CIRCULAR PRÉ-MOLDADA, DN 500mm, H = 0,80m MODELO CAGEPA;UN
V.10.;NIVELAMENTO DE LIGAÇÃO DOMICILIAR (INTRA-DOMICILIAR ATÉ A CAIXA DE LIGAÇÃO);M
V.11.;RETIRADA E REPOSIÇÃO DE CALÇADA CIMENTADA;m2
V.12.;RETIRADA E REPOSIÇAO DE PARALELEPIPEDO;m2
V.13.;RETIRADA E REPOSIÇÃO DE MEIO-FIO;M
V.15.;CADASTRO DE LIGAÇÕES PREDIAIS, INCLUSIVE TOPOGRAFO E DESENHISTA;UD
;;
V.II.;MATERIAL HIDRÁULICO;
V.1.;FORNECIMENTO DE TUBOS PVC JE P/ ESGOTO (NBR-7362), PEÇAS E CONEXÕES, INCLUSIVE ANÉIS DE BORRACHA, ARRUELAS, LUBRIFICANTES, SENDO OBRIGATORIAMENTE TODO MATERIAL DEVIDAMENTE ACOMPANHADO PELO CERTIFICADO DE INSPEÇÃO NA FÁBRICA FORNECIDO PELO CETESB OU ITEP;
V.1.1;TUBO COLETOR DE ESGOTO PVC, JEI, DN 100 MM (NBR 7362);M
V.1.2;CURVA LONGA PVC, PB, JE, 45 GRAUS, DN 100 MM, PARA REDE COLETORA ESGOTO (NBR 10569);un
V.1.3;SELIM PVC 90G C/ TRAVAS NBR 10569 P/ REDE COLET ESG DN 150X100MM;un
V.1.4;SELIM PVC 90G ELASTICO NBR 10569 P/ REDE COLET ESG DN 250X100MM;un
;;
;;
VI.I.;OBRAS CIVIS;
VI.1.;ESCAVACAO MANUAL EM TERRA ATE 2,00 M;M3
VI.2.;ESCAVACAO MANUAL EM PICARRO ATE 2,00 M;M3
VI.3.;ESCAVAÇÃO MANUAL DE VALA A FRIO EM MATERIAL DE 2A CATEGORIA (MOLEDO OU ROCHA DECOMPOSTA) ATÉ 2,00M;M3
VI.4.;REATERRO E COMPACTACAO MECANICO DE VALA COM COMPACTADOR MANUAL TIPO SOQUETE VIBRATORIO;M3
VI.5.;REATERRO DE VALA COM MATERIAL GRANULAR DE EMPRESTIMO ADENSADO E VIBRADO;M3
VI.6.;TRANSPORTE DE MATERIAL - BOTA-FORA, D.M.T.= 6,0 KM;M3
VI.7.;ASSENTAMENTO TUBO PVC COM JUNTA ELASTICA - DN 100 P/ESGOTO, INCLUINDO TRANSPORTE;M
VI.8.;COLCHAO DE AREIA, INCLUSIVE MAO-DE-OBRA DE ESPALHAMENTO, TRANSPORTE COM CARRO DE MAO E FORNECIMENTO COMERCIAL;M3
VI.9.;NIVELAMENTO DE LIGAÇÃO DOMICILIAR (INTRA-DOMICILIAR ATÉ A CAIXA DE LIGAÇÃO);M
VI.10.;FORNECIMENTO E ASSENTAMENTO DE CAIXA COLETORA CIRCULAR PRÉ-MOLDADA, DN 500mm, H = 0,80m MODELO CAGEPA;UN
VI.11.;RETIRADA E REPOSIÇÃO DE CALÇADA CIMENTADA;m2
VI.12.;RETIRADA E REPOSIÇAO DE PARALELEPIPEDO;m2
VI.13.;RETIRADA E REPOSIÇÃO DE MEIO-FIO;M
VI.14.;CADASTRO DE LIGAÇÕES PREDIAIS, INCLUSIVE TOPOGRAFO E DESENHISTA;UD
;;
VI.II.;MATERIAL HIDRÁULICO;
VI.1.;FORNECIMENTO DE TUBOS PVC JE P/ ESGOTO (NBR-7362), PEÇAS E CONEXÕES, INCLUSIVE ANÉIS DE BORRACHA, ARRUELAS, LUBRIFICANTES, SENDO OBRIGATORIAMENTE TODO MATERIAL DEVIDAMENTE ACOMPANHADO PELO CERTIFICADO DE INSPEÇÃO NA FÁBRICA FORNECIDO PELO CETESB OU ITEP;
VI.1.1;TUBO COLETOR DE ESGOTO PVC, JEI, DN 100 MM (NBR 7362);M
VI.1.2;CURVA LONGA PVC, PB, JE, 45 GRAUS, DN 100 MM, PARA REDE COLETORA ESGOTO (NBR 10569);un
VI.1.3;SELIM PVC 90G C/ TRAVAS NBR 10569 P/ REDE COLET ESG DN 150X100MM;un
;;
VII;ESTAÇÃO ELEVATÓRIA - EE1 - BACIA A;
VII.I ;OBRAS CIVIS;
VII. 1.;SERVIÇOS INICIAIS;
VII. 1.1;LOCACAO CONVENCIONAL DE OBRA, ATRAVÉS DE GABARITO DE TABUAS CORRIDAS PONTALETADAS A CADA 1,50M, SEM REAPROVEITAMENTO;M2
VII.;PLANTA DE CADASTRO (AS BUILT);UN
;;
VII. 2.;MOVIMENTO DE TERRA;
VII. 2.1;ESCAVAÇÃO MANUAL, EM TERRA ATÉ 2,00M;M3
VII. 2.2;ESCAVAÇÃO MANUAL, EM TERRA DE 2,01 ATÉ 4,00M;M3
VII. 2.3;ESCAVAÇÃO MANUAL EM PIÇARRO ATÉ 2,0 M;M3
VII. 2.4;ESCAVAÇÃO MANUAL EM PIÇARRO DE 2,01 ATÉ 4,00M;M3
VII. 2.5;ESCAVAÇÃO MANUAL EM PIÇARRO DE 4,01 ATÉ 6,00M;M3
VII. 2.6;ESCAVAÇÃO MANUAL DE VALA A FRIO EM MATERIAL DE 2A CATEGORIA (MOLEDO OU ROCHA DECOMPOSTA) ATÉ 2,00M, COM UTILIZAÇÃO DE COMPRESSOR;M3
VII. 2.7;ESCAVAÇÃO MANUAL DE VALA A FRIO EM MATERIAL DE 2A CATEGORIA (MOLEDO OU ROCHA DECOMPOSTA) DE 2,00 A 4,00M EXCLUINDO ESGOTAMENTO E ESCORAMENTO, COM UTILIZAÇÃO DE COMPRESSOR;M3
VII. 2.8;ESCAVAÇÃO MANUAL DE VALA A FRIO EM MATERIAL DE 2A CATEGORIA (MOLEDO OU ROCHA DECOMPOSTA) DE 4,00 A 6,00M EXCLUINDO ESGOTAMENTO E ESCORAMENTO;M3
VII. 2.9;ESCAVAÇÃO EM VALA DE MATERIAL DE 3A CATEGORIA;M3
VII. 2.10;LANÇAMENTO E RETIRADA DE ABAFAMENTO PARA DESMONTE DE ROCHA DURA EM VALA, COM TERRA ARGILOSA;M3
VII. 2.11;ESCAVAÇÃO MECÂNICA, EM TERRA ATÉ 2,00M;M3
VII. 2.12;ESCAVAÇÃO MECÂNICA, EM TERRA DE 2,01 A 4,0M;M3
VII. 2.13;ESCAVAÇÃO MECÂNICA EM PIÇARRO ATÉ 2,00M;M3
VII. 2.14;ESCAVAÇÃO MECÂNICA EM PIÇARRO DE 2,01 A 4,00M;M3
VII. 2.15;ESCAVAÇÃO MECÂNICA EM PIÇARRO DE 4,01 A 6,00M;M3
VII.2.16;ESCAVAÇÃO MECÂNICA DE VALA EM MATERIAL DE 2A CATEGORIA ATÉ 2M DE PROFUNDIDADE COM UTILIZAÇÃO DE ESCAVADEIRA HIDRÁULICA;M3
VII.2.17;ESCAVAÇÃO MECÂNICA DE VALA EM MATERIAL DE 2A CATEGORIA ATÉ 2,00 A 4,00M DE PROFUNDIDADE COM UTILIZAÇÃO DE ESCAVADEIRA HIDRÁULICA;M3
VII.2.18;ESCAVAÇÃO MECÂNICA DE VALA EM MATERIAL DE 2A CATEGORIA ATÉ 4,00 A 6,00M DE PROFUNDIDADE COM UTILIZAÇÃO DE ESCAVADEIRA HIDRÁULICA;M3
VII.2.19;TRANSPORTE DE MATERIAL - BOTA-FORA, D.M.T.= 6,0 KM;M3
VII.2.20;REATERRO E COMPACTACAO MECANICO DE VALA COM COMPACTADOR MANUAL TIPO SOQUETE VIBRATORIO;M3
VII.2.21;REATERRO DE VALA COM MATERIAL GRANULAR DE EMPRESTIMO ADENSADO E VIBRADO;M3
VII.2.22;REBAIXAMENTO DO LENCOL FREATICO C/ PONTEIRAS FILTRANTES EM ESTAÇÃO ELEVATÓRIA, ESTÁGIO SIMPLES E CRAVAÇÃO DAS PONTEIRAS COM JATEAMENTO DE ÁGUA, INCLUSIVE ENERGIA ELÉTRICA;M
VII.2.23;ESCORAMENTO PARA IMPLANTAÇÃO DE VALAS (CONTÍNUO), MATERIAL UTILIZADO MADEIRA;M2
;;
VII. 3.;ESTRUTURA;
VII. 3.1;CONCRETO MAGRO 1:4:8 PREPARO;M3
VII. 3.2;CONCRETO SIMPLES FCK >= 18 MPA, INCLUSIVE LANÇAMENTO, APLICAÇÃO E ADENSAMENTO SEM ELEVAÇÃO;M3
VII. 3.3;CONCRETO ARMADO FCK >= 30MPA PARA ESTRUTURAS PLANAS APOIADAS;M3
;;
VII. 4.;REVESTIMENTOS;
VII. 4.1;"SISTEMA DE IMPERMEABILIZAÇÃO PARA ESTRUTURAS EM CONCRETO ARMADO EM CONTATO COM ESGOTOS COM APLICAÇÃO DE PRODUTO FLEXÍVEL OU SEMI-FLEXÍVEL A BASE E
CIMENTOS POLIMÉRICOS E RESINA POLIURETANA VEGETAL";M2
;;
VII. 5.;PISOS;
VII. 5.1;PAVIMENTACAO EM PARALELEPIPEDO SOBRE COLCHAO DE AREIA 10CM, REJUNTADO COM AREIA;M2
;;
VII.6.;DIVERSOS;
VII.6.1;MURO DE CONTORNO (MODELO CAGEPA);M
VII.6.2;LOGOTIPO E LETREIRO CAGEPA;UN
VII.6.3;"PORTAO EM TELA ARAME GALVANIZADO N.12 MALHA 2"" E MOLDURA EM TUBOS DE ACO COM DUAS FOLHAS DE ABRIR, INCLUSO FERRAGENS";M2
VII.6.4;"FORNECIMENTO E ASSENTAMENTO DE TAMPA DE AÇO COM CHAPA DE 1/4"""" (1,60M X 0,80M), REVESTIDA COM TINTA ANTICORROSIVA";un
VII.6.5;"FORNECIMENTO E ASSENTAMENTO DE TAMPA DE AÇO COM CHAPA DE 1/4"""" (0,70M X 0,70M), REVESTIDA COM TINTA ANTICORROSIVA";un
VII.6.6;"FORNECIMENTO E INSTALAÇÃO DE GRADE DE PROTEÇÃO COM BARRA CHATA 1 1/4 X 1/4"""", E = 1"""" (1,60M X 2,10M), COM PINTURA ANTICORROSIVA";un
VII.6.7;"FORNECIMENTO E INSTALAÇÃO DE GRADE EM AÇO INOX, 3/8"" X 1 1/2"", ESPAÇAMENTO=25M M";M2
;;
VII.6.8;ABRIGO PARA GRUPO GERADOR;
VII.6.8.1;ESQUADRIA DE MADEIRA INCLUSIVE ASSENTAMENTO E FERRAGENS;m²
VII.6.8.2;COBOGO DE CONCRETO (ELEMENTO VAZADO), 7X50X50CM, ASSENTADO COM ARGAMASSA TRACO 1:4 (CIMENTO E AREIA);M2
VII.6.8.3;ALVENARIA EM TIJOLO CERAMICO FURADO 10X20X20CM, 1/2 VEZ, ASSENTADO EM ARGAMASSA TRACO 1:4 (CIMENTO E AREIA),E=1CM;M2
VII.6.8.4;ALVENARIA EM TIJOLO CERAMICO FURADO 10X20X20CM, 1 VEZ, ASSENTADO EM ARGAMASSA TRACO 1:2:8 (CIMENTO, CAL E AREIA), JUNTAS 10MM;M2
VII.6.8.5;MASSA ÚNICA COM ARGAMASSA MISTA DE CIMENTO, CAL HIDRATADA E AREIA SEM PENEIRAR TRAÇO 1:2:8, E=20MM;M2
VII.6.8.6;COBERTURA EM LAJE PRE-MOLDADA COM TELHA CANAL;M2
VII.6.8.7;CONCRETO MAGRO 1:4:8 C/PREPARO MANUAL;M3
VII.6.8.8;CONCRETO ARMADO FCK 30 MPa, PARA ESTRUTURAS PLANAS APOIADAS;M3
VII.6.8.9;PISO CIMENTADO LISO DESEMPENADO, TRACO 1:3 (CIMENTO E AREIA), ESPESSURA 2,0CM, PREPARO MANUAL;M2
VII.6.8.10;PONTO DE LUZ (CAIXA, ELETRODUTO, FIOS E INTERRUPTOR);PT
VII.6.8.11;PONTO DE TOMADA (CAIXA, ELETRODUTO, FIOS E TOMADA);UN
VII.6.8.12;PINTURA COM CAL HIDRATADA, TRES DEMAOS, INCLUSO COLA;M2
VII.6.8.13;LASTRO DE CONCRETO TRACO 1:4:8, ESPESSURA 7CM, PREPARO MECANICO, INCLUSO ADITIVO IMPERMEABILIZANTE;m2
VII.6.8.14;ESCAVAÇÃO MANUAL, EM TERRA ATÉ 2,00M;M3
VII.6.8.15;CHAPISCO TRACO 1:3 (CIMENTO E AREIA), ESPESSURA 0,5CM, PREPARO MANUAL;M2
VII.6.8.16;EXECUÇÃO DE CALÇADA EM CONCRETO 1:3:5 (FCK=12 MPA) PREPARO MECÂNICO,E= 7CM;M2
;;
VII. 7.;INSTALAÇÕES;
VII. 7.1;MONTAGEM ELETRO-MECÂNICA DE CONJ. MOTO-BOMBA;un
VII. 7.2;MONTAGEM DE GRUPO GERADOR;un
VII. 7.3;MONTAGEM HIDRÁULICA DE ESTAÇÃO ELEVATÓRIA COM VAZÃO DE 10,01 A 20,00 L/S;un
;;
VII. 8.;SERVIÇOS DE INSTALAÇÕES ELÉTRICAS;
VII. 8.1;REDE DE ALTA TENSÃO (13,8 KV) PADRÃO URBANO;KM
VII. 8.2;SUBESTAÇÃO AÉREA DE 15KVA /13.800 - 380/220V COM POSTE, QUADRO DE MEDIÇÃO E PROTEÇÃO GERAL (INCLUSIVE ACESSÓRIOS);un
;;
VII. II -;MATERIAL HIDRÁULICO;
VII. 1.;CAIXA DE ENTRADA;
VII.1.1;Pedestal de Suspensão Simples com Indicador PSSI55-11ENG;un
VII.1.2;ADUFA DE PAREDE COM FLANGE APF10 250MM;un
VII.1.3;Tubo com flanges TUBINTFL10 250 3000;un
;;
VII.2.;POÇO DE SUCÇÃO E CAIXA DO BARRILETE;
VII.2.1;Curva 45º com flanges C45FF10/16XP 100;un
VII.2.2;Curva 90º com flanges C90FF10/16XP 100;un
VII.2.3;Extremidade flange e ponta EFP10/16XP 100;un
VII.2.4;Junta Gibault JGIXNBR 100;un
VII.2.5;Válvula Euro 23 c/ Flanges Corpo Curto + Cabeçote R23FCNG10/16 100;un
VII.2.6;Tê com flanges TFF10/16XP 100 80;un
VII.2.7;Tubo com flanges TUBINTFL10/16/25 80 2050;un
VII.2.8;Tubo com flanges TUBINTFL10/16 100 1400;un
VII.2.9;Tubo com flanges TUBINTFL10/16 100 3760;un
VII.2.10;Toco com flanges TOF10/16XP 100 250;un
VII.2.11;VÁLVULA DE RETENÇÃO ESPECIAL PARA ESGOTO C/FLANGES VRPUES10 100MM;un
VII.2.12;Tubo com flanges TUBINTFL10/16 100 590;un
VII.2.13;Tê com flanges TFF10/16XP 100 100;un
VII.2.14;Tubo com flange e ponta TUBINTFP10/16 100 3000;un
VII.2.15;Curva 90º com flanges C90FF10/16/25XP 80;un
VII.2.16;Toco com flanges TOF10/16/25XP 80 250;un
VII.2.17;Válvula Euro 23 c/ Flanges Corpo Curto + Cabeçote R23FCNG10/16 80;un
;;
VII.III - ;EQUIPAMENTOS;
VII. 1.;BOMBAS;
VII. 1.1;BOMBA SUBMERSÍVEL P/ ESGOTAMENTO SANITÁRIO, C/ROTOR DE CAPACIDADE PARA PASSAGEM DE SÓLIDOS ATÉ 2 1/2'' DIÂMETRO 279MM, COM 1.750rpm, POTÊNCIA DO MOTOR DE 15 CV E CAPACIDADE DE RECALCAR UMA VAZÃO DE 13,15 l/s CONTRA UMA ALTURA MANOMÉTRICA DE 40,25 m.;un
;;
VII.2.;INSTALAÇÕES ELÉTRICAS;
VII.2.1;QUADRO DE COMANDO TIPO CA2 15CV C/SOFT-STARTER;un
;;
VII.3.;GRUPO GERADOR;
VII.3.1;UM GRUPO GERADOR DIESEL STEMAC, para funcionamento singelo, na potência de 45 kVA (Emergência ), fator de potência 0,8, 380 / 220 Vca, 60Hz, com sistema de força;un
;;
VIII;ESTAÇÃO ELEVATÓRIA - EE2 - BACIA B;
VIII.I ;OBRAS CIVIS;
VIII. 1.;SERVIÇOS INICIAIS;
VIII. 1.1;LOCACAO CONVENCIONAL DE OBRA, ATRAVÉS DE GABARITO DE TABUAS CORRIDAS PONTALETADAS A CADA 1,50M, SEM REAPROVEITAMENTO;M2
VIII. 1.2;PLANTA DE CADASTRO (AS BUILT);UN
;;
VIII. 2.;MOVIMENTO DE TERRA;
VIII. 2.1;ESCAVAÇÃO MANUAL, EM TERRA ATÉ 2,00M;M3
VIII. 2.2;ESCAVAÇÃO MANUAL, EM TERRA DE 2,01 ATÉ 4,00M;M3
VIII. 2.3;ESCAVAÇÃO MANUAL EM PIÇARRO ATÉ 2,0 M;M3
VIII. 2.4;ESCAVAÇÃO MANUAL EM PIÇARRO DE 2,01 ATÉ 4,00M;M3
VIII. 2.5;ESCAVAÇÃO MANUAL EM PIÇARRO DE 4,01 ATÉ 6,00M;M3
VIII. 2.6;ESCAVAÇÃO MANUAL DE VALA A FRIO EM MATERIAL DE 2A CATEGORIA (MOLEDO OU ROCHA DECOMPOSTA) ATÉ 2,00M, COM UTILIZAÇÃO DE COMPRESSOR;M3
VIII. 2.7;ESCAVAÇÃO MANUAL DE VALA A FRIO EM MATERIAL DE 2A CATEGORIA (MOLEDO OU ROCHA DECOMPOSTA) DE 2,00 A 4,00M EXCLUINDO ESGOTAMENTO E ESCORAMENTO, COM UTILIZAÇÃO DE COMPRESSOR;M3
VIII. 2.8;ESCAVAÇÃO MANUAL DE VALA A FRIO EM MATERIAL DE 2A CATEGORIA (MOLEDO OU ROCHA DECOMPOSTA) DE 4,00 A 6,00M EXCLUINDO ESGOTAMENTO E ESCORAMENTO;M3
VIII. 2.9;ESCAVAÇÃO EM VALA DE MATERIAL DE 3A CATEGORIA;M3
VIII. 2.10;LANÇAMENTO E RETIRADA DE ABAFAMENTO PARA DESMONTE DE ROCHA DURA EM VALA, COM TERRA ARGILOSA;M3
VIII. 2.11;ESCAVAÇÃO MECÂNICA, EM TERRA ATÉ 2,00M;M3
VIII. 2.12;ESCAVAÇÃO MECÂNICA, EM TERRA DE 2,01 A 4,0M;M3
VIII. 2.13;ESCAVAÇÃO MECÂNICA EM PIÇARRO ATÉ 2,00M;M3
VIII. 2.14;ESCAVAÇÃO MECÂNICA EM PIÇARRO DE 2,01 A 4,00M;M3
VIII. 2.15;ESCAVAÇÃO MECÂNICA EM PIÇARRO DE 4,01 A 6,00M;M3
VIII.2.16;ESCAVAÇÃO MECÂNICA DE VALA EM MATERIAL DE 2A CATEGORIA ATÉ 2M DE PROFUNDIDADE COM UTILIZAÇÃO DE ESCAVADEIRA HIDRÁULICA;M3
VIII.2.17;ESCAVAÇÃO MECÂNICA DE VALA EM MATERIAL DE 2A CATEGORIA ATÉ 2,00 A 4,00M DE PROFUNDIDADE COM UTILIZAÇÃO DE ESCAVADEIRA HIDRÁULICA;M3
VIII.2.18;ESCAVAÇÃO MECÂNICA DE VALA EM MATERIAL DE 2A CATEGORIA ATÉ 4,00 A 6,00M DE PROFUNDIDADE COM UTILIZAÇÃO DE ESCAVADEIRA HIDRÁULICA;M3
VIII.2.19;TRANSPORTE DE MATERIAL - BOTA-FORA, D.M.T.= 6,0 KM;M3
VIII.2.20;REATERRO E COMPACTACAO MECANICO DE VALA COM COMPACTADOR MANUAL TIPO SOQUETE VIBRATORIO;M3
VIII.2.21;REATERRO DE VALA COM MATERIAL GRANULAR DE EMPRESTIMO ADENSADO E VIBRADO;M3
VIII.2.22;REBAIXAMENTO DO LENCOL FREATICO C/ PONTEIRAS FILTRANTES EM ESTAÇÃO ELEVATÓRIA, ESTÁGIO SIMPLES E CRAVAÇÃO DAS PONTEIRAS COM JATEAMENTO DE ÁGUA, INCLUSIVE ENERGIA ELÉTRICA;M
VIII.2.23;ESCORAMENTO CONTÍNUO, MATERIAL UTILIZADO MADEIRA;M2
;;
VIII. 3.;ESTRUTURA;
VIII. 3.1;CONCRETO MAGRO 1:4:8 PREPARO;M3
VIII. 3.2;CONCRETO SIMPLES FCK >= 18 MPA, INCLUSIVE LANÇAMENTO, APLICAÇÃO E ADENSAMENTO SEM ELEVAÇÃO;M3
VIII. 3.3;CONCRETO ARMADO FCK >= 30MPA PARA ESTRUTURAS PLANAS APOIADAS;M3
;;
VIII. 4.;REVESTIMENTOS;
VIII. 4.1;SISTEMA DE IMPERMEABILIZAÇÃO PARA ESTRUTURAS EM CONCRETO ARMADO EM CONTATO COM ESGOTOS COM APLICAÇÃO DE PRODUTO FLEXÍVEL OU SEMI-FLEXÍVEL A BASE DE CIMENTOS POLIMÉRICOS E RESINA POLIURETANA VEGETAL;M2
;;
VIII. 5.;PISOS;
VIII. 5.1;PAVIMENTACAO EM PARALELEPIPEDO SOBRE COLCHAO DE AREIA 10CM, REJUNTADO COM AREIA;M2
;;
VIII.6.;DIVERSOS;
VIII.6.1;MURO DE CONTORNO (MODELO CAGEPA);M
VIII.6.2;LOGOTIPO E LETREIRO CAGEPA;UN
VIII.6.3;"PORTAO EM TELA ARAME GALVANIZADO N.12 MALHA 2"" E MOLDURA EM TUBOS DE ACO COM DUAS FOLHAS DE ABRIR, INCLUSO FERRAGENS";M2
VIII.6.4;"FORNECIMENTO E ASSENTAMENTO DE TAMPA DE AÇO COM CHAPA DE 1/4"""" (1,60M X 0,80M), REVESTIDA COM TINTA ANTICORROSIVA";un
VIII.6.5;"FORNECIMENTO E ASSENTAMENTO DE TAMPA DE AÇO COM CHAPA DE 1/4"""" (0,70M X 0,70M), REVESTIDA COM TINTA ANTICORROSIVA";un
VIII.6.6;"FORNECIMENTO E INSTALAÇÃO DE GRADE DE PROTEÇÃO COM BARRA CHATA 1 1/4 X 1/4"""", E = 1"""" (1,60M X 2,10M), COM PINTURA ANTICORROSIVA";un
VIII.6.7;"FORNECIMENTO E INSTALAÇÃO DE GRADE EM AÇO INOX, 3/8"" X 1 1/2"", ESPAÇAMENTO=25M M";M2
;;
VIII.6.8;ABRIGO PARA GRUPO GERADOR;
VIII.6.8.1;ESQUADRIA DE MADEIRA INCLUSIVE ASSENTAMENTO E FERRAGENS;UN
VIII.6.8.2;COBOGO DE CONCRETO (ELEMENTO VAZADO), 7X50X50CM, ASSENTADO COM ARGAMASSA TRACO 1:4 (CIMENTO E AREIA);M2
VIII.6.8.3;ALVENARIA EM TIJOLO CERAMICO FURADO 10X20X20CM, 1/2 VEZ, ASSENTADO EM ARGAMASSA TRACO 1:4 (CIMENTO E AREIA),E=1CM;M2
VIII.6.8.4;ALVENARIA EM TIJOLO CERAMICO FURADO 10X20X20CM, 1 VEZ, ASSENTADO EM ARGAMASSA TRACO 1:2:8 (CIMENTO, CAL E AREIA), JUNTAS 10MM;M2
VIII.6.8.5;MASSA ÚNICA COM ARGAMASSA MISTA DE CIMENTO, CAL HIDRATADA E AREIA SEM PENEIRAR TRAÇO 1:2:8, E=20MM;M2
VIII.6.8.6;COBERTURA EM LAJE PRE-MOLDADA COM TELHA CANAL;M2
VIII.6.8.7;CONCRETO MAGRO 1:4:8 C/PREPARO MANUAL;M3
VIII.6.8.8;CONCRETO ARMADO FCK 30 MPa, PARA ESTRUTURAS PLANAS APOIADAS;M3
VIII.6.8.9;PISO CIMENTADO LISO DESEMPENADO, TRACO 1:3 (CIMENTO E AREIA), ESPESSURA 2,0CM, PREPARO MANUAL;M2
VIII.6.8.10;PONTO DE LUZ (CAIXA, ELETRODUTO, FIOS E INTERRUPTOR);PT
VIII.6.8.11;PONTO DE TOMADA (CAIXA, ELETRODUTO, FIOS E TOMADA);UN
VIII.6.8.12;PINTURA COM CAL HIDRATADA, TRES DEMAOS, INCLUSO COLA;M2
VIII.6.8.13;LASTRO DE CONCRETO TRACO 1:4:8, ESPESSURA 7CM, PREPARO MECANICO, INCLUSO ADITIVO IMPERMEABILIZANTE;m2
VIII.6.8.14;ESCAVAÇÃO MANUAL, EM TERRA ATÉ 2,00M;M3
VIII.6.8.15;CHAPISCO TRACO 1:3 (CIMENTO E AREIA), ESPESSURA 0,5CM, PREPARO MANUAL;M2
VIII.6.8.16;EXECUÇÃO DE CALÇADA EM CONCRETO 1:3:5 (FCK=12 MPA) PREPARO MECÂNICO,E= 7CM;M2
;;
VIII. 7.;INSTALAÇÕES;
VIII. 7.1;MONTAGEM ELETRO-MECÂNICA DE CONJ. MOTO-BOMBA;un
VIII. 7.2;MONTAGEM DE GRUPO GERADOR;un
VIII. 7.3;MONTAGEM HIDRÁULICA DE ESTAÇÃO ELEVATÓRIA COM VAZÃO DE 5,01 A 10,00 L/S;un
;;
VIII.8.;SERVIÇOS DE INSTALAÇÕES ELÉTRICAS;
VIII.8.1;REDE DE ALTA TENSÃO (13,8 KV) PADRÃO URBANO;KM
VIII.8.2;SUBESTAÇÃO AÉREA DE 15KVA /13.800 - 380/220V COM POSTE, QUADRO DE MEDIÇÃO E PROTEÇÃO GERAL (INCLUSIVE ACESSÓRIOS);un
;;
VIII. II -;MATERIAL HIDRÁULICO;
VIII. 1.;CAIXA DE ENTRADA;
VIII.1.1;Pedestal de Suspensão Simples com Indicador PSSI54-10ENG;un
VIII.1.2;ADUFA DE PAREDE COM FLANGE APF10 150MM;un
VIII.1.3;Tubo com flange e ponta TUBINTFP10/16 150 3000;un
;;
VIII.2.;POÇO DE SUCÇÃO E CAIXA DO BARRILETE;
VIII.2.1;Curva 45º com flanges C45FF10/16XP 100;un
VIII.2.2;Curva 90º com flanges C90FF10/16XP 100;un
VIII.2.3;Extremidade flange e ponta EFP10/16XP 100;un
VIII.2.4;Junta Gibault JGIXNBR 100;un
VIII.2.5;Válvula Euro 23 c/ Flanges Corpo Curto + Cabeçote R23FCNG10/16 100;un
VIII.2.6;Tê com flanges TFF10/16XP 100 80;un
VIII.2.7;Tubo com flanges TUBINTFL10/16/25 80 2050;un
VIII.2.8;Tubo com flanges TUBINTFL10/16 100 1400;un
VIII.2.9;TUBO FOFO C/FLANGES TFL PN-10/16 DN 100 L = 3,25M;un
VIII.2.10;Toco com flanges TOF10/16XP 100 250;un
VIII.2.11;VÁLVULA DE RETENÇÃO ESPECIAL PARA ESGOTO C/FLANGES VRPUES10 100MM;un
VIII.2.12;Tubo com flanges TUBINTFL10/16 100 590;un
VIII.2.13;Tê com flanges TFF10/16XP 100 100;un
VIII.2.14;Tubo com flange e ponta TUBINTFP10/16 100 3000;m
VIII.2.15;Curva 90º com flanges C90FF10/16/25XP 80;un
VIII.2.16;Toco com flanges TOF10/16/25XP 80 250;un
VIII.2.17;Válvula Euro 23 c/ Flanges Corpo Curto + Cabeçote R23FCNG10/16 80;un
;;
VIII.III - ;EQUIPAMENTOS;
VIII. 1.;BOMBAS;
VIII. 1.1;BOMBA SUBMERSÍVEL P/ ESGOTAMENTO SANITÁRIO , C/ROTOR DE CAPACIDADE PARA PASSAGEM DE SÓLIDOS ATÉ 2 1/2'' DIÂMETRO 168MM , COM 1.750rpm, POTÊNCIA DE 3CV E CAPACIDADE DE RECALCAR UMA VAZÃO DE 6,1 l/s CONTRA UMA ALTURA MANOMÉTRICA DE 12,06 m.;un
;;
VIII.2.;INSTALAÇÕES ELÉTRICAS;
VIII.2.1;QUADRO DE COMANDO CONTENDO 02 (DUAS) CHAVES TIPO PARTIDA DIRETA (PD1) PARA ACIONAR MOTOR DE 3CV 380V - PADRÃO CAGEPA - (TRIFÁSICO);un
;;
VIII.3.;GRUPO GERADOR;
VIII.3.1;GRUPO GERADOR , LINHA DIESEL, com potência de 20 / 18 / 15 kVA - 16 / 14,4 / 12 kWe (Emergência / Principal / Contínua), trifásico, com fator de potência 0,8,na tensão de 380 / 220 Vca em 60 Hz, para funcionamento singelo e automático;un
;;
;;
VIII. I.;OBRAS CIVIS;
VIII. 1.;SERVIÇOS INICIAIS;
VIII. 1.1;PLACA INDICATIVA DA OBRA;M2
VIII. 1.2;LOCAÇÃO DE ADUTORAS, COLETORES TRONCO E INTERCEPTORES - ATÉ DN 500 MM,INCLUSIVE TOPOGRAFO;M
VIII. 1.3;LIMPEZA DE TERRENO - RASPAGEM MECANIZADA (MOTONIVELADORA) DE CAMADA VEGETAL;M2
;;
VIII.1.4;SINALIZAÇÃO ABERTA MODELO CAGEPA;
VIII.1.4.1;SINALIZACAO ABERTA S/ ILUMINACAO;M
VIII.1.4.2;SINALIZACAO ABERTA C/ ILUMINACAO;M
;;
VIII.1.5;TAPUMES E PASSADIÇOS;
VIII.1.5.1;TAPUMES E PASSADICOS METALICOS;M2
VIII.1.7;CADASTRO DE ADUTORAS. COLETORES E INTERCEPTORES - ATÉ DN 500 MM, INCLUSIVE TOPOGRAFO E DESENHISTA;M
VIII.1.8;LIMPEZA E TESTE DE ESTANQUEIDADE;M
;;
VIII. 2.;MOVIMENTO DE TERRA;
VIII. 2.1;ESCAVAÇÃO MANUAL, EM TERRA ATÉ 2,00M;M3
VIII.2.2;ESCAVAÇÃO MECÂNICA, EM TERRA ATÉ 2,00M;M3
VIII.2.3;TRANSPORTE DE MATERIAL - BOTA-FORA, D.M.T.= 6,0 KM;M3
VIII.2.5;COLCHAO DE AREIA, INCLUSIVE MAO-DE-OBRA DE ESPALHAMENTO, TRANSPORTE COM CARRO DE MAO E FORNECIMENTO COMERCIAL;M3
VIII.2.6;REATERRO E COMPACTACAO MECANICO DE VALA COM COMPACTADOR MANUAL TIPO SOQUETE VIBRATORIO;M3
VIII.2.7;REATERRO DE VALA COM MATERIAL GRANULAR DE EMPRESTIMO ADENSADO E VIBRADO;M3
;;
VIII. 3.;ESCORAMENTO DE CAVAS;
VIII. 3.1;ESCORAMENTO PARA IMPLANTAÇÃO DE VALAS (CONTÍNUO), MATERIAL UTILIZADO MADEIRA;M2
VIII. 3.2;ESCORAMENTO PARA IMPLANTAÇÃO DE VALAS (DESCONTÍNUO), MATERIAL UTILIZADO MADEIRA;M2
;;
VIII. 4.;ESGOTAMENTO E REBAIXAMENTO;
VIII. 4.1;ESGOTAMENTO COM MOTO-BOMBA AUTOESCOVANTE;H
VIII.4.2;REBAIXAMENTO DO LENCOL FREATICO C/ PONTEIRA FILTRANTE ATÉ 2,00M, INCLUSIVE ENERGIA ELÉTRICA;M
VIII.4.3;REBAIXAMENTO DO LENCOL FREATICO C/ PONTEIRA FILTRANTE DE 2,01 A 4,00M, INCLUSIVE ENERGIA ELÉTRICA;M
;;
VIII. 5.;ESTRUTURAS EM CONCRETO;
VIII. 5.1;CONCRETO ARMADO FCK 30 MPa, PARA ESTRUTURAS PLANAS APOIADAS;M3
VIII. 5.2;CONCRETO MAGRO 1:4:8 C/PREPARO MANUAL;M3
;;
VIII.6.;ASSENTAMENTO DE TUBULAÇÃO;
VIII. 6.1;ASSENTAMENTO TUBO PVC COM JUNTA ELASTICA - DN 100 P/ESGOTO, INCLUINDO TRANSPORTE;M
;;
VIII.II.;MATERIAL HIDRÁULICO;
VIII. 1.;TUBOS;
VIII.1.1;TUBO AÇO CARBONO C/ FLANGE E PONTA PN10 050x3000MM;un 
VIII.1.2;TUBO PVC JE (NBR 7362) DN 100 P/ESGOTO;M
;;
VIII. 2.;CURVAS;
VIII. 2.1;Curva 90º com bolsas JGS C90JGSXPBR 100;un 
VIII.2.2;Curva 22º30' com bolsas JGS C22JGSXPBR 100;un 
VIII.2.3;CURVA 45 GRAUS FOFO C/ FLANGES C45FF10/16/25x050MM;un 
;;
VIII.3.;VENTOSAS;
VIII.3.1;VENTOSA TRIPLICE FUNCAO FOFO C/ FLANGES PN-10/16/25 DN 50;un 
;;
VIII.4.;DESCARGA;
VIII.4.1;Válvula Euro 23 c/ Flanges Corpo Curto + Cabeçote R23FC10/16 50;un 
;;
VIII.5.;CONEXÕES;
VIII.5.1;Tê com flanges TFF10/16XP 100 50;un 
;;
;;
VIII. I.;OBRAS CIVIS;
VIII. 1.;SERVIÇOS INICIAIS;
VIII. 1.1;PLACA INDICATIVA DA OBRA;M2
VIII. 1.2;LOCAÇÃO DE ADUTORAS, COLETORES TRONCO E INTERCEPTORES - ATÉ DN 500 MM,INCLUSIVE TOPOGRAFO;M
VIII. 1.3;LIMPEZA DE TERRENO - RASPAGEM MECANIZADA (MOTONIVELADORA) DE CAMADA VEGETAL;M2
;;
VIII.1.4;SINALIZAÇÃO ABERTA MODELO CAGEPA;
VIII.1.4.1;SINALIZACAO ABERTA S/ ILUMINACAO;M
VIII.1.4.2;SINALIZACAO ABERTA C/ ILUMINACAO;M
;;
VIII.1.5;TAPUMES E PASSADIÇOS;
VIII.1.5.1;TAPUMES E PASSADICOS METALICOS;M2
VIII.1.7;CADASTRO DE ADUTORAS. COLETORES E INTERCEPTORES - ATÉ DN 500 MM, INCLUSIVE TOPOGRAFO E DESENHISTA;M
VIII.1.8;LIMPEZA E TESTE DE ESTANQUEIDADE;M
;;
VIII. 2.;MOVIMENTO DE TERRA;
VIII. 2.1;ESCAVAÇÃO MANUAL, EM TERRA ATÉ 2,00M;M3
VIII.2.2;ESCAVAÇÃO MECÂNICA, EM TERRA ATÉ 2,00M;M3
VIII.2.3;TRANSPORTE DE MATERIAL - BOTA-FORA, D.M.T.= 6,0 KM;M3
VIII.2.4;COLCHAO DE AREIA, INCLUSIVE MAO-DE-OBRA DE ESPALHAMENTO, TRANSPORTE COM CARRO DE MAO E FORNECIMENTO COMERCIAL;M3
VIII.2.5;REATERRO E COMPACTACAO MECANICO DE VALA COM COMPACTADOR MANUAL TIPO SOQUETE VIBRATORIO;M3
VIII.2.6;REATERRO DE VALA COM MATERIAL GRANULAR DE EMPRESTIMO ADENSADO E VIBRADO;M3
;;
VIII. 3.;ESCORAMENTO DE CAVAS;
VIII. 3.1;ESCORAMENTO PARA IMPLANTAÇÃO DE VALAS (CONTÍNUO), MATERIAL UTILIZADO MADEIRA;M2
VIII. 3.2;ESCORAMENTO PARA IMPLANTAÇÃO DE VALAS (DESCONTÍNUO), MATEIRIAL UTILIZADO MADEIRA;M2
;;
VIII. 4.;ESGOTAMENTO E REBAIXAMENTO;
VIII. 4.1;ESGOTAMENTO COM MOTO-BOMBA AUTOESCOVANTE;H
VIII.4.2;REBAIXAMENTO DO LENCOL FREATICO C/ PONTEIRA FILTRANTE ATÉ 2,00M, INCLUSIVE ENERGIA ELÉTRICA;M
VIII.4.3;REBAIXAMENTO DO LENCOL FREATICO C/ PONTEIRA FILTRANTE DE 2,01 A 4,00M, INCLUSIVE ENERGIA ELÉTRICA;M
;;
VIII. 5.;ESTRUTURAS EM CONCRETO;
VIII. 5.1;CONCRETO ARMADO FCK 30 MPa, PARA ESTRUTURAS PLANAS APOIADAS;M3
VIII. 5.2;CONCRETO MAGRO 1:4:8 C/PREPARO MANUAL;M3
;;
VIII.6.;ASSENTAMENTO DE TUBULAÇÃO;
VIII. 6.1;ASSENTAMENTO TUBO PVC COM JUNTA ELASTICA - DN 100 P/ESGOTO, INCLUINDO TRANSPORTE;M
;;
VIII. 7.;PAVIMENTACÃO;
VIII.7.1;RETIRADA E REPOSIÇAO DE PAVIMENTAÇAO EM PARALELEPIPEDO;m2
VIII.7.2;RETIRADA E REPOSICAO DE MEIO - FIO;M
;;
VIII.II.;MATERIAL HIDRÁULICO;
VIII. 1.;TUBOS;
VIII.1.1;TUBO AÇO CARBONO C/ FLANGE E PONTA PN10 050x3000MM;un 
VIII.1.2;TUBO PVC JE (NBR 7362) DN 100 P/ESGOTO;M
;;
VIII. 2.;CURVAS;
VIII. 2.1;Curva 90º com bolsas JGS C90JGSXPBR 100;un 
VIII.2.2;Curva 45º com bolsas JGS C45JGSXPBR 100;un 
VIII.2.3;Curva 22º30' com bolsas JGS C22JGSXPBR 100;un 
VIII.2.4;CURVA 45 GRAUS FOFO C/ FLANGES C45FF10/16/25x050MM;un 
;;
VIII.3.;VENTOSAS;
VIII.3.1;VENTOSA TRIPLICE FUNCAO FOFO C/ FLANGES PN-10/16/25 DN 50;un 
;;
VIII.4.;DESCARGA;
VIII.4.1;Válvula Euro 23 c/ Flanges Corpo Curto + Cabeçote R23FC10/16 50;un 
;;
VIII.5.;CONEXÕES;
VIII.5.1;Tê com flanges TFF10/16XP 100 50;un 
;;
;;
VIII.I ;OBRAS CIVIS;
VIII.1.;SERVIÇOS PRELIMINARES;
VIII.1.1;PLACA INDICATIVA DA OBRA;m2
VIII.1.2;LIMPEZA DE TERRENO - RASPAGEM MECANIZADA (MOTONIVELADORA) DE CAMADA VEGETAL;m2
VIII.1.3;LIMPEZA MANUAL DO TERRENO (C/ RASPAGEM SUPERFICIAL);M2
VIII.1.4;SERVIÇOS TOPOGRÁFICOS;
VIII.1.4.1;LOCAÇÃO DA OBRA (LAGOAS);m2
VIII.1.5;PLANTA DE CADASTRO (AS BUILT);ud
VIII.1.6;CAMINHO DE SERVICO REALIZADO MECANICAMENTE INCL ESCAVACAO DESMATAMENTO DESTOCAMENTO ACERTO E COMPACTACAO.;m
;;
VIII.2.;MOVIMENTO DE TERRA;
VIII.2.1;ESCAVAÇÃO MANUAL EM TERRA ATE 2,00M;m3
VIII.2.2;REATERRO DE VALA COM MATERIAL GRANULAR REAPROVEITADO ADENSADO E VIBRADO;m3
VIII.2.3;ATERRO PARA DIQUES LATERAIS DAS LAGOAS, COMPACTADO A 95% DO PROCTOR NORMAL;m3
VIII.2.4;ESCAV. CARGA E TRANSPORTE DE MAT. 1a CAT. ATÉ 2 KM;m3
VIII.2.5;ATERRO DE REGULARIZAÇÃO COM MATERIAL IMPERMEÁVEL NO FUNDO DA LAGOA , COM ESPESSURA DE 0,50M, COMPACTADO A 95% DO PROCTOR NORMAL;m3
VIII.2.6;REATERRO DE ÁREAS COM COMPACTACAO MECANICA C/ CONTROLE DO GC>=95% DO PN (AREAS) (C/MONIVELADORA 140 HP E ROLO COMPRESSOR VIBRATORIO 80 HP);m3
VIII.2.7;REGULARIZAÇÃO MECÂNICA DE TALUDES;m2
;;
VIII.3.;ESGOTAMENTO E DRENAGEM;
VIII.3.1;MEIA CANA DE CONCRETO, DIAMETRO 300 MM;m
VIII.3.2;ASSENTAMENTO DE TUBO FOFO COM JUNTA ELASTICA - DN 150 - INCLUSIVE TRANSPORTE;m
;;
VIII.4.;ESTRUTURAS;
VIII.4.1;CONCRETO MAGRO 1:4:8 C/ PREPARO MANUAL;M3
VIII.4.2;CONCRETO ARMADO FCK 30 MPa, PARA ESTRUTURAS PLANAS APOIADAS;m3
VIII.4.3;FORNECIMENTO E ASSENTAMENTO DE PERFIL DE CONCRETO ARMADO (0,20x0,05x1,00m) EM TALUDE(FIXAÇAO DE PLACAS DE COCRETO);M
;;
VIII.5.;TRATAMENTOS;
VIII.5.1;LASTRO DE CONCRETO TRACO 1:4:8, ESPESSURA 7CM, PREPARO MECANICO, INCLUSO ADITIVO IMPERMEABILIZANTE;m2
VIII.5.2;PISO CIMENTADO LISO (QUEIMADO), TRACO 1:3 (CIMENTO E AREIA), 1,5CM, PREPARO MANUALESPESSURA;m2
VIII.5.3;SISTEMA DE IMPERMEABILIZAÇÃO PARA ESTRUTURAS EM CONCRETO ARMADO EM CONTATO COM ESGOTOS COM APLICAÇÃO DE PRODUTO FLEXÍVEL OU SEMI-FLEXÍVEL A BASE DE CIMENTOS POLIMÉRICOS E RESINA POLIURETANA VEGETAL;m2
;;
VIII.6.;URBANIZAÇÃO;
VIII.6.1;CERCA DE CONTORNO EM ESTACAS PRE-MOLDADAS COM 12 FIOS;m
VIII.6.2;"PORTAO EM TELA ARAME GALVANIZADO N.12 MALHA 2"" E MOLDURA EM TUBOS DE ACO COM DUAS FOLHAS DE ABRIR, INCLUSO FERRAGENS";m2
VIII.6.3;PLACAS PRÉ-MOLDADAS EM CONCRETO (0,50x0,50)m, INCLUSIVE PREPARAÇÃO DA SUPERFÍCIE DE APLICAÇÃO-FORNECIMENTO E APLICAÇÃO;m2
VIII.6.4;PLANTIO DE GRAMA DE BURRO (CYNODON DACTILON) E MANUTENÇÃO POR 90 DIAS COM IRRIGAÇÃO 2 VEZES POR SEMANA, INCLUSIVE FORNECIMENTO;m2
VIII.6.5;PAVIMENTACAO EM PARALELEPIPEDO SOBRE COLCHAO DE AREIA 10CM, REJUNTADO COM AREIA;m2
VIII.6.6;MEIO-FIO GRANITICO C/ARG. CIM./AREIA 1:3-FORNECIMENTO E ASSENTAMENTO;m
VIII.6.7;ILUMINAÇÃO EXTERNA COM POSTES 2T 9/150, LUMINÁRIA COMPLETA DE 125W VAPOR DE MERCÚRIO, ACIONAMENTO FOTO-ELÉTRICO INDIVIDUAL, CAIXA E FIAÇÃO, INCLUSIVE INTERLIGAÇÃO ENTRE POSTES;un 
;;
VIII.7.;EQUIPAMENTOS;
VIII.7.1;FORNECIMENTO E INSTALAÇÃO DE COMPORTA TIPO STOP-LOG em fibra de vidro 0,95 x 0,80m;un
;;
VIII.II -;MATERIAL HIDRÁULICO;
VIII. 1.;TUBOS;
VIII. 1.1;Tubo Ponta e Bolsa Integral NBR 15420 TUBINT 150 6000;M
;;
VIII.2.;CURVAS;
VIII. 2.1;Curva 22º30' com bolsas JGS C22JGSXPBR 150;un
;;
;;
VIII.I ;OBRAS CIVIS;
VIII.1.;SERVIÇOS PRELIMINARES;
VIII.1.1;SERVIÇOS TOPOGRÁFICOS;
VIII.1.1.1;LOCAÇÃO DA OBRA (LAGOAS);m2
;;
VIII.2.;MOVIMENTO DE TERRA;
VIII.2.1;ESCAVAÇÃO MANUAL EM TERRA ATE 2,00M;m3
VIII.2.2;REATERRO DE VALA COM MATERIAL GRANULAR REAPROVEITADO ADENSADO E VIBRADO;m3
VIII.2.3;REATERRO DE ÁREAS COM COMPACTACAO MECANICA C/ CONTROLE DO GC>=95% DO PN (AREAS) (C/MONIVELADORA 140 HP E ROLO COMPRESSOR VIBRATORIO 80 HP);m3
VIII.2.4;ATERRO PARA DIQUES LATERAIS DAS LAGOAS, COMPACTADO A 95% DO PROCTOR NORMAL;m3
VIII.2.5;ESCAV. CARGA E TRANSPORTE DE MAT. 1a CAT. ATÉ 2 KM;m3
VIII.2.6;ATERRO DE REGULARIZAÇÃO COM MATERIAL IMPERMEÁVEL NO FUNDO DA LAGOA , COM ESPESSURA DE 0,50M, COMPACTADO A 95% DO PROCTOR NORMAL;m3
VIII.2.7;REGULARIZAÇÃO MECÂNICA DE TALUDES;m2
;;
VIII.3.;ESGOTAMENTO E DRENAGEM;
VIII.3.1;MEIA CANA DE CONCRETO, DIAMETRO 300 MM;m
VIII.3.2;ASSENTAMENTO DE TUBO FOFO COM JUNTA ELASTICA - DN 150 - INCLUSIVE TRANSPORTE;m
;;
VIII.4.;ESTRUTURAS;
VIII.4.1;CONCRETO MAGRO 1:4:8 C/ PREPARO MANUAL;M3
VIII.4.2;CONCRETO ARMADO FCK 30 MPa, PARA ESTRUTURAS PLANAS APOIADAS;m3
VIII.4.3;FORNECIMENTO E ASSENTAMENTO DE PERFIL DE CONCRETO ARMADO (0,20x0,05x1,00m) EM TALUDE(FIXAÇAO DE PLACAS DE COCRETO);M
;;
VIII.5.;TRATAMENTOS;
VIII.5.1;"SISTEMA DE IMPERMEABILIZAÇÃO PARA ESTRUTURAS EM
CONCRETO ARMADO EM CONTATO COM ESGOTOS COM
APLICAÇÃO DE PRODUTO FLEXÍVEL OU SEMI-FLEXÍVEL A BASE DE CIMENTOS POLIMÉRICOS E RESINA POLIURETANA VEGETAL";m2
;;
VIII.6.;URBANIZAÇÃO;
VIII.6.1;PLACAS PRÉ-MOLDADAS EM CONCRETO (0,50x0,50)m, INCLUSIVE PREPARAÇÃO DA SUPERFÍCIE DE APLICAÇÃO-FORNECIMENTO E APLICAÇÃO;m2
VIII.6.2;PLANTIO DE GRAMA DE BURRO (CYNODON DACTILON) E MANUTENÇÃO POR 90 DIAS COM IRRIGAÇÃO 2 VEZES POR SEMANA, INCLUSIVE FORNECIMENTO;m2
VIII.6.3;PAVIMENTACAO EM PARALELEPIPEDO SOBRE COLCHAO DE AREIA 10CM, REJUNTADO COM AREIA;m2
VIII.6.4;MEIO-FIO GRANITICO 100 X 50 X 15CM, SOBRE BASE DE CONCRETO SIMPLES E REJUNTADO COM ARGAMASSA TRACO 1:3 (CIMENTO E AREIA);m
VIII.6.5;ILUMINAÇÃO EXTERNA COM POSTES 2T 9/150, LUMINÁRIA COMPLETA DE 125W VAPOR DE MERCÚRIO, ACIONAMENTO FOTO-ELÉTRICO INDIVIDUAL, CAIXA E FIAÇÃO, INCLUSIVE INTERLIGAÇÃO ENTRE POSTES;un 
;;
VIII.II -;MATERIAL HIDRÁULICO;
VIII. 1.;TUBOS;
VIII. 1.1;Tubo Ponta e Bolsa Integral NBR 15420 TUBINT 150 6000;M
;;
VIII.2.;CURVAS;
VIII. 2.1;Curva 22º30' com bolsas JGS C22JGSXPBR 150;un
;;
;;
VIII.I -;OBRAS CIVIS;
VIII.1.;SERVIÇOS PRELIMINARES;
VIII.1.1;SERVIÇOS TOPOGRÁFICOS;
VIII.1.1.1;LOCAÇÃO DA OBRA (LAGOAS);m2
;;
VIII.2.;MOVIMENTO DE TERRA;
VIII.2.1;ESCAVAÇÃO MANUAL EM TERRA ATE 2,00M;m3
VIII.2.2;REATERRO DE VALA COM MATERIAL GRANULAR REAPROVEITADO ADENSADO E VIBRADO;m3
VIII.2.3;REATERRO DE ÁREAS COM COMPACTACAO MECANICA C/ CONTROLE DO GC>=95% DO PN (AREAS) (C/MONIVELADORA 140 HP E ROLO COMPRESSOR VIBRATORIO 80 HP);m3
VIII.2.4;ATERRO PARA DIQUES LATERAIS DAS LAGOAS, COMPACTADO A 95% DO PROCTOR NORMAL;m3
VIII.2.5;ESCAV. CARGA E TRANSPORTE DE MAT. 1a CAT. ATÉ 2 KM;m3
VIII.2.6;ATERRO DE REGULARIZAÇÃO COM MATERIAL IMPERMEÁVEL NO FUNDO DA LAGOA , COM ESPESSURA DE 0,50M, COMPACTADO A 95% DO PROCTOR NORMAL;m3
VIII.2.7;REGULARIZAÇÃO MECÂNICA DE TALUDES;m2
VIII.2.8;ATERRO DO CAIXÃO COM MATERIAL DE EMPRÉSTIMO;m3
;;
VIII.3.;ESGOTAMENTO E DRENAGEM;
VIII.3.1;ASSENTAMENTO DE TUBO FOFO COM JUNTA ELASTICA - DN 150 - INCLUSIVE TRANSPORTE;m
VIII.3.2;ASSENTAMENTO TUBO PVC COM JUNTA ELASTICA - DN 200 P/ESGOTO;m
VIII.3.3;MEIA CANA DE CONCRETO, DIAMETRO 300 MM;m
;;
VIII.4.;ESTRUTURAS;
VIII.4.1;CONCRETO MAGRO 1:4:8 C/ PREPARO MANUAL;M3
VIII.4.2;CONCRETO ARMADO FCK 30 MPa, PARA ESTRUTURAS PLANAS APOIADAS;m3
VIII.4.3;FORNECIMENTO E ASSENTAMENTO DE PERFIL DE CONCRETO(0,20x0,05x1,00m) EM TALUDE(FIXAÇAO DE PLACAS DE COCRETO);M
;;
VIII.5.;TRATAMENTOS;
VIII.5.1;"SISTEMA DE IMPERMEABILIZAÇÃO PARA ESTRUTURAS EM
CONCRETO ARMADO EM CONTATO COM ESGOTOS COM
APLICAÇÃO DE PRODUTO FLEXÍVEL OU SEMI-FLEXÍVEL A BASE DE CIMENTOS POLIMÉRICOS E RESINA POLIURETANA VEGETAL";m2
;;
VIII.6.;URBANIZAÇÃO;
VIII.6.1;PLACAS PRÉ-MOLDADAS EM CONCRETO (0,50x0,50)m, INCLUSIVE PREPARAÇÃO DA SUPERFÍCIE DE APLICAÇÃO-FORNECIMENTO E APLICAÇÃO;m2
VIII.6.2;PLANTIO DE GRAMA DE BURRO (CYNODON DACTILON) E MANUTENÇÃO POR 90 DIAS COM IRRIGAÇÃO 2 VEZES POR SEMANA, INCLUSIVE FORNECIMENTO;m2
VIII.6.3;PAVIMENTACAO EM PARALELEPIPEDO SOBRE COLCHAO DE AREIA 10CM, REJUNTADO COM AREIA;m2
VIII.6.4;MEIO-FIO GRANITICO 100 X 50 X 15CM, SOBRE BASE DE CONCRETO SIMPLES E REJUNTADO COM ARGAMASSA TRACO 1:3 (CIMENTO E AREIA);m
VIII.6.5;ILUMINAÇÃO EXTERNA COM POSTES 2T 9/150, LUMINÁRIA COMPLETA DE 125W VAPOR DE MERCÚRIO, ACIONAMENTO FOTO-ELÉTRICO INDIVIDUAL, CAIXA E FIAÇÃO, INCLUSIVE INTERLIGAÇÃO ENTRE POSTES;un 
;;
VIII.7.;PEÇAS ESPECIAIS;
VIII.7.1;FORNECIMENTO E INSTALAÇÃO DE CHINCANA PARA LAGOAS DE TRATAMENTO;un
VIII.7.2;FORNECIMENTO E INSTALAÇÃO DE COMPORTA TIPO STOP-LOG em fibra de vidro 0,95 x 0,80m;un
VIII.7.3;FORNECIMENTO E INSTALAÇÃO DE VERTEDOURO TRIANGULAR EM FIBRA DE VIDRO e=15mm 100 X 90 cm;un
;;
VIII.II -;MATERIAL HIDRÁULICO;
VIII. 1.;TUBOS;
VIII. 1.1;Tubo Ponta e Bolsa Integral NBR 15420 TUBINT 150 6000;M
VIII.1.2;TUBO COLETOR DE ESGOTO PVC, JEI, DN 200 MM (NBR 7362);un
;;
;;
XIV.1;CONSTRUÇÃO CIVIL;
XIV.1.1;LOCACAO CONVENCIONAL DE OBRA, ATRAVÉS DE GABARITO DE TABUAS CORRIDAS PONTALETADAS A CADA 1,50M, SEM REAPROVEITAMENTO;m2
;;
XIV.1.2;ESTRUTURA;
XIV.1.2.1;CONCRETO MAGRO 1:4:8 C/PREPARO MANUAL;m3
XIV.1.2.2;CONCRETO ARMADO FCK >= 30 MPA PARA ESTRUTURAS PLANAS APOIADAS;m3
;;
XIV.1.3;REVESTIMENTO;
XIV.1.3.1;CHAPISCO TRACO 1:3 (CIMENTO E AREIA), ESPESSURA 0,5CM, PREPARO MANUAL;m2
XIV.1.3.2;SISTEMA DE IMPERMEABILIZAÇÃO PARA ESTRUTURAS EM CONCRETO ARMADO EM CONTATO COM ESGOTOS COM APLICAÇÃO DE PRODUTO FLEXÍVEL OU SEMI-FLEXÍVEL A BASE DE CIMENTOS POLIMÉRICOS E RESINA POLIURETANA VEGETAL;m2
;;
XIV.1.4;DIVERSOS;
XIV.1.4.1;"GUARDA-CORPO EM TUBO DE ACO GALVANIZADO 1 1/2""";m
XIV.1.4.2;"FORNECIMENTO E INSTALAÇÃO DE CALHA PARSHAL EM RESINA DE POLIESTER ESTRUTURADO EM FIBRA DE VIDRO COM GARGANTA ""W"" DE 3""";un
;;
XIV.1.5;URBANIZAÇÃO;
XIV.1.5.1;ESCAVAÇÃO MANUAL EM TERRA ATE 2,00M;m3
XIV.1.5.2;PAVIMENTACAO EM PARALELEPIPEDO SOBRE COLCHAO DE AREIA 10CM, REJUNTADO COM AREIA;m2
;;
XIV.2.;EQUIPAMENTOS E SERVIÇOS;
XIV.2.1;"FORNECIMENTO E INSTALAÇÃO DE GRADE DE BARRAS EM AÇO INOX 3/8"" X 11/2"" COM ESPAÇAMENTO ENTRE BARRAS DE 25MM";M2
XIV.2.2;FORNECIMENTO E INSTALAÇÃO DE COMPORTA TIPO STOP-LOG em fibra de vidro 0,80 x 1,05 m;un 
XIV.2.3;FORNECIMENTO E INSTALAÇÃO DE COMPORTA TIPO STOP-LOG em fibra de vidro 0,70 x 1,05 m;un 
XIV.2.3;FORNECIMENTO E INSTALAÇÃO DE COMPORTA TIPO STOP-LOG em fibra de vidro 0,80 x 1,20 m;un 
XIV.2.4;"CAÇAMBA ESTACIONÁRIA PARA POLIGUINDASTE EM CHAPA DE AÇO 3/16"" COM CAPACIDADE PARA 5 m3";un 
XIV.2.5;FORNECIMENTO E INSTALAÇÃO DE VERTEDOURO TRIANGULAR EM FIBRA DE VIDRO e=15mm 80 X 70 cm;un 
;;
;;
XIV.01;RECUPERAÇÃO E REFLORESTAMENTO DAS ÁREAS DE EMPRÉSTIMO - JAZIDA - SERVIÇOS;
XIV.1.1;CARGA, TRANSPORTE (DMT ATÉ 0,5KM) E DESCARGA (MECÂNICOS) PARA REPOSIÇÃO DE MATERIAL ORGANICO;M3
XIV.1.2;ESPALHAMENTO DE MATERIAL DE 1A CATEGORIA COM TRATOR DE ESTEIRA COM 153 HP;M3
XIV.1.3;REGULARIZAÇÃO MANUAL DE TALUDES;M2
XIV.1.4;PLANTIO DE GRAMA DE BURRO (CYNODON DACTILON) E MANUTENÇÃO POR 90 DIAS COM IRRIGAÇÃO 2 VEZES POR SEMANA, INCLUSIVE FORNECIMENTO;M2
XIV.1.5;AQUISIÇÃO E PLANTIO DE MUDAS FRUTÍFERA, COM ALTURA MÍNIMA DE 0,50M, INCLUINDO CONSERVAÇÃO POR 60 DIAS (APLICAÇÃO DE FERTILIZANTES, REGA E ACOMPANHAMENTO TÉCNICO, EXCLUSIVE TERRA VEGETAL).;UN 
XIV.1.6;ESCAVAÇÃO MANUAL EM TERRA, ATÉ 2,00m;M3
XIV.1.7;ESCAVAÇÃO MANUAL EM PIÇARRO, ATÉ 2,00m;M3
XIV.1.8;REATERRO DE VALA COM MATERIAL GRANULAR REAPROVEITADO ADENSADO E VIBRADO;M3
XIV.1.9;PLANTIO DE MUDA DE EUCALIPTO COM ALTURA MÍNIMA DE 0,50M , INCLUSIVE FORNECIMENTO E CONSERVAÇÃO POR 60 DIAS(APLICAÇÃO DE FERTILIZANTES, REGA E ACOMPANHAMENTO TÉCNICO) EXCLUSIVE TERRA VEGETAL;un 
XIV.1.10;PLANTIO DE MUDA DE CAJU COM ALTURA MÍNIMA DE 0,50M , INCLUSIVE FORNECIMENTO E CONSERVAÇÃO POR 60 DIAS(APLICAÇÃO DE FERTILIZANTES, REGA E ACOMPANHAMENTO TÉCNICO);un 
